Dataset,Reads,Reads_wo_S,Richness,Richness_wo_S,Rarefied.richness,H,J,Rarefied J,Simpson
A01,24104,24065,3117,3078,1397.24205311193,7.08774416547277,0.881053254555631,0.978665286970279,0.997867669543275
A02,21371,21339,3117,3085,1461.16534561674,7.17915431259076,0.892416137545968,0.985201671485175,0.997990743297155
A03,24164,24156,2047,2039,1014.62641162539,6.40177651346734,0.839672988485687,0.92480807451034,0.994840596513133
A04,20773,20759,2744,2730,1330.80713354104,6.958004700773,0.87884975981018,0.967257264979057,0.997350459892905
A05,6077,6076,1401,1400,1157.07404952937,6.68378948219488,0.922545674032962,0.947564699323698,0.997727019729716
A06,26552,26530,3021,2999,1361.01957965016,7.06058395669194,0.881103404268547,0.978463738829585,0.997928709260304
A07,27229,27210,3115,3096,1367.0612938679,7.04029658846179,0.875225039115678,0.975053789312498,0.997431438315142
A08,29003,28993,2011,2001,953.885914541819,6.25386639882209,0.822186154656134,0.911570034073743,0.993627307854682
A09,25902,25886,2863,2847,1262.40920828782,6.80705526082287,0.855197952152719,0.953265313831499,0.995838939643859
A10,20660,20648,2689,2677,1304.26968477806,6.82158008284425,0.863827423936359,0.950955122590313,0.995701277025628
A11,19963,19952,2210,2199,1158.95088452027,6.72946689553457,0.87387187259016,0.953821250218347,0.997061088586193
A12,23011,22998,2199,2186,1100.61559258934,6.61401080410034,0.859435914203373,0.94436964692311,0.996546058813171
A13,6074,6073,1103,1102,916.68552059544,6.26790947935602,0.894675740609712,0.918945304034033,0.996003358425755
A14,22378,22372,1962,1956,995.313704531702,6.38987639774363,0.842800406905843,0.925658806139307,0.995114275739116
A15,26008,25992,2419,2403,1151.15500724471,6.70111037041846,0.860097058229358,0.950711546788821,0.996564972176651
A16,27517,27493,3022,2998,1298.83310899994,6.91615025988736,0.863043609787038,0.964700313571977,0.996930480512809
B01,28128,28114,2814,2800,1254.73150432563,6.87761705952954,0.86594099509914,0.963970361600077,0.997084436894043
B02,20138,20122,2447,2431,1225.1073310074,6.76572052863909,0.867109023359516,0.951473252394182,0.996276684027494
B03,12717,12713,1171,1167,775.630971483291,5.87555994412962,0.831571109509149,0.883054598577002,0.990408106835672
B04,17563,17553,2508,2498,1317.47047131119,6.94898203031228,0.887794577621361,0.967357436704986,0.997651840041001
B05,6189,6185,1383,1379,1137.11627670244,6.60905381476012,0.913861224149934,0.939286282584201,0.996816888886591
B06,14298,14289,1957,1948,1179.33446609045,6.7076967489873,0.885017561009644,0.948391913792051,0.996641899017342
B07,12780,12772,1933,1925,1188.95326072389,6.69883012953625,0.88528901480229,0.94605172939911,0.996727256251821
B08,20694,20683,2506,2495,1247.27756663968,6.80769633966568,0.869832722456626,0.954967759157908,0.996747775361105
B09,25852,25805,2588,2541,1158.79936429281,6.73516595200212,0.857039562839011,0.954646714576442,0.997057495470054
B10,20177,20171,1925,1919,1010.64910396145,6.4364450286204,0.851079771663037,0.93034420263885,0.995758779289583
B11,12914,12906,1660,1652,1049.4151073996,6.42767413165782,0.866897424101791,0.924049021227635,0.995292981777283
B12,21218,21204,2264,2250,1144.85349468174,6.70129461286116,0.867494031208091,0.951478660773666,0.996986140872589
B13,5275,5271,1314,1310,1143.75797871368,6.59719532567568,0.918723075756671,0.936825538984109,0.996634001931673
B14,16004,15997,1965,1958,1120.07438868332,6.46777939615895,0.852903637317723,0.921185139984366,0.994084567460984
B15,24281,24270,2682,2671,1230.93296941899,6.81911422605123,0.863800289132617,0.9583427315368,0.99696529297204
B16,23731,23719,2733,2721,1328.09248235284,7.00587045179321,0.885344756570897,0.974187785193055,0.997810014543975
C01,24282,24267,2679,2664,1210.1350120304,6.59949997249721,0.836099543616081,0.929705129400428,0.992626798611904
C02,21421,21411,2279,2269,1153.70222929404,6.7184258721745,0.868968867426999,0.952869356363766,0.996978081999661
C03,16243,16228,2486,2471,1349.66513739719,6.98145641555582,0.892948606383981,0.968622702610768,0.997693274633879
C04,19992,19979,2102,2089,1095.71175441546,6.61586405402727,0.864745971342338,0.945236941000199,0.996674329996104
C05,5637,5625,1406,1394,1185.71073029518,6.72034540640582,0.927135494345931,0.949456441877999,0.997718544592894
C06,21522,21513,2407,2398,1202.8287635399,6.76068196883803,0.868297392790484,0.953224870463777,0.996926954221008
C07,22593,22585,2277,2269,1113.14806871397,6.61519981639317,0.85571466378498,0.94301488804274,0.996498130589925
C08,22394,22375,2804,2785,1327.28976815609,6.98294469775199,0.879596755212703,0.971081528211297,0.997722025993691
C09,24648,24621,3067,3040,1345.01307056323,6.90892586938288,0.860554830058034,0.959019069388691,0.995166484840076
C10,17292,17281,2520,2509,1303.0979972622,6.90955941405669,0.882219982601047,0.963340484191504,0.997380644625852
C11,17379,17364,2299,2284,1248.91717882811,6.89257307097437,0.890486909842025,0.966695925014805,0.997725842411606
C12,19095,19082,2488,2475,1252.19638116535,6.74231848291341,0.862273477371667,0.945274803896635,0.995625524477227
C13,5928,5924,1334,1330,1107.81126305577,6.57386026663883,0.913551641675255,0.937764274063141,0.997161734789585
C14,22076,22068,2080,2072,1045.00868835778,6.46913447234887,0.846731698707237,0.93057231773638,0.995780262757318
C15,22708,22691,2625,2608,1260.06628908654,6.86722080289366,0.872267712705354,0.961941187051106,0.997100687410756
C16,18041,18009,2618,2586,1352.98708494897,7.01846883108646,0.891781555665238,0.973425882224359,0.997976718409764
C17,168135,168079,5385,5329,1241.74251356982,6.94035703376485,0.807828663160757,0.974184882466632,0.997094107045929
C18,66801,66744,4929,4872,1434.20775298005,7.1911590889443,0.84573102783288,0.989377422899502,0.997290410422541
C19,79181,79100,4938,4857,1377.65040736985,7.13228829451486,0.838627482839108,0.986739811463352,0.997522455852325
C20,63193,63164,3497,3468,1142.25630943226,6.69828402579363,0.820902270528016,0.951357987034301,0.996312202626178
C21,65529,65457,4944,4872,1436.54193062699,7.21926511211568,0.848733191179294,0.993022146256977,0.997750181912711
D01,28475,28460,3012,2997,1226.80476197371,6.67394173654157,0.83316381274234,0.938383548030042,0.994292500314109
D02,21011,20999,2751,2739,1275.97667595756,6.76774243252957,0.85454317031787,0.946343212900631,0.995657124566753
D03,22419,22413,2803,2797,1282.94779207138,6.76388967482206,0.852042081945074,0.945084444903172,0.995502524861341
D04,24909,24898,3117,3106,1326.33564099988,6.8427271217605,0.850596023207482,0.951677375413269,0.995539195648192
D05,3493,3491,963,961,963,6.35977308816394,0.925723965586953,0.925723965586953,0.996308760009078
D06,18162,18144,2692,2674,1349.97214042892,6.91446533262521,0.875466014777119,0.959297940432581,0.996620627132181
D07,20144,20103,3279,3238,1459.66111799036,7.07141078250998,0.873521205955078,0.970553117674672,0.996896116823052
D08,26088,26046,3823,3781,1515.62176666742,7.16974449281313,0.869187342033619,0.978994354384724,0.996900357937436
E01,21008,21002,1787,1781,893.209290472087,6.120769644882,0.81737843642093,0.90079925811483,0.993198742987838
E02,19748,19727,3085,3064,1472.52101678078,7.17680452588201,0.893269896550882,0.983833994789614,0.998120766667095
E03,18578,18571,2551,2544,1289.47429665264,6.84166372807311,0.872189415637133,0.955274139022216,0.996916556834605
E04,18501,18492,2627,2618,1327.05689221721,6.9641840271253,0.884498321243742,0.968496212680399,0.997476535779984
E05,5568,5564,1083,1079,934.140474820119,6.24472917517725,0.89370130825692,0.913021913623454,0.995298010903851
E06,25896,25890,2017,2011,908.449274477699,5.9950831796448,0.787855749850182,0.880110517146616,0.989231011520238
E07,18021,18009,1942,1930,1031.95622176882,6.41316588512221,0.847016866537626,0.924192303779032,0.995536713619792
E08,19896,19875,3087,3066,1497.6420545882,7.21925522072811,0.898481098987285,0.987363727548031,0.99815721486349
E09,29597,29590,3082,3075,1265.64336299229,6.83903370354909,0.851331923959577,0.957400553233304,0.996451660480776
E10,20376,20368,2849,2841,1372.6586423141,7.03064114575091,0.883832265449202,0.973165827421489,0.997468677400404
E11,19527,19521,1987,1981,1049.38985106737,6.47631522902402,0.852777207540859,0.931044936605281,0.995525338804122
E12,24091,24087,1978,1974,909.357091469954,6.02062629874212,0.793247960326741,0.883730803264601,0.990094989770955
E13,6325,6323,1118,1116,922.622084145176,6.22113016304302,0.886289676865333,0.911224543723259,0.994806455342217
E14,22066,22062,1936,1932,934.969881360106,6.12562389800087,0.809370630252774,0.895491715204185,0.993264995435815
E15,19542,19524,2912,2894,1394.01942777314,7.03300951156339,0.881705684025156,0.971417328074021,0.997402517444799
E16,27346,27331,3322,3307,1414.36819904588,7.14614165497694,0.881334189643349,0.985071683038236,0.998090276941068
E17,31077,31063,3113,3099,1237.14472502854,6.76700145431089,0.841317118048126,0.950346624369045,0.995655806386094
E18,22446,22440,2033,2027,966.640421846694,6.21801247203246,0.816304825321695,0.904592573331106,0.992698363089145
E19,18347,18345,1945,1943,1015.65260905974,6.19526004831274,0.818070240545317,0.894843787639747,0.991091240489592
E20,21240,21239,1935,1934,940.749263220659,6.14064295899189,0.811410470713149,0.89687935858911,0.993458399388568
E21,6220,6216,1422,1418,1159.89914904145,6.65280907078255,0.916387655319405,0.942846624130278,0.997231935153689
E22,21264,21241,2911,2888,1375.32483403788,6.93879731063028,0.869932063275804,0.960195102080686,0.996013067971755
E23,20751,20736,2683,2668,1270.40819591319,6.83519750444745,0.865796727693136,0.956360437198918,0.996597581544534
E24,19711,19706,1795,1790,903.48097008175,5.97867640252149,0.797927087269227,0.878409104700668,0.989033896869271
F01,36468,36454,2465,2451,939.310575482971,6.07943711659329,0.778422318266414,0.888138391851295,0.988522850163696
F02,26758,26753,2386,2381,1045.47023439451,6.3651856105359,0.818423536752901,0.915561322172648,0.993811021788829
F03,21182,21176,2344,2338,1151.91562931188,6.64641773806291,0.856539720788306,0.942863741507393,0.996290245454992
F04,24203,24196,2414,2407,1125.54446347547,6.61903486044194,0.849788230528813,0.942074292523934,0.996188478360846
F05,5696,5692,1423,1419,1194.71470817031,6.65656598974856,0.916816372350362,0.939441555931367,0.996965641175357
F06,23141,23126,2972,2957,1368.86613355586,7.03025352620365,0.879112412223441,0.973484982530481,0.997545918641368
F07,29577,29565,2612,2600,1073.60982500077,6.41286947288664,0.815070439408462,0.918909567396983,0.994362234753033
F08,28752,28743,2580,2571,1081.51561449057,6.41483212826617,0.816599280034677,0.918225472433785,0.994274768604324
F09,62470,62443,4354,4327,1245.58684382176,6.83236397586697,0.815429776007512,0.958610481681582,0.996251363836969
F10,25408,25398,3181,3171,1337.44473776837,6.93826427306888,0.860298390677999,0.963846453700494,0.99686685397586
F11,26632,26622,3169,3159,1332.81277401815,6.95091037102463,0.862270513908433,0.96606881239481,0.997099204709589
F12,23983,23965,3012,2994,1342.14203197034,6.97659300849069,0.870946295362441,0.968699188248462,0.997358045014335
F13,4310,4308,1135,1133,1061.39209142072,6.49118142689043,0.922778426717845,0.931658936777222,0.996761968335657
F14,19147,19132,2671,2656,1315.68857557856,6.88909313825148,0.873119308411269,0.959201115129224,0.996878370846907
F15,22623,22611,3002,2990,1332.97244546336,6.92293313309568,0.864606435111076,0.96216439047441,0.996702480315319
F16,34213,34189,3699,3675,1384.99918234135,7.03693110860608,0.856510123143391,0.972831278508811,0.996829698512246
F17,23787,23773,2389,2375,1094.02426412612,6.5350335010817,0.840126523219305,0.933893983607173,0.995655436265434
F18,19929,19927,2160,2158,1079.76135212946,6.53691983654035,0.85139828755264,0.935918707357566,0.996056286837189
F19,27400,27380,2995,2975,1239.4654827478,6.7228629182097,0.839864495768955,0.943899444934757,0.995579953646971
F20,35640,35618,3669,3647,1322.14597336124,6.89891224510661,0.840544091836162,0.959913909908427,0.996203413987739
F21,38327,38314,2672,2659,986.788953432507,6.20158928922304,0.785948218903332,0.899503763325719,0.991182900526145
F22,31337,31329,2351,2343,931.870148941126,6.00946778708705,0.774156963663885,0.878937798796268,0.98924910425003
F23,29190,29178,2398,2386,991.179425715731,6.20305254660129,0.797062634886849,0.899137040244445,0.991256563975072
F24,33938,33928,2531,2521,982.30142095963,6.12921191038478,0.782149400509965,0.88959397164111,0.988485117229628
G01,26438,26400,3838,3800,1530.20176847762,7.16367096217867,0.868038965024513,0.976887994172136,0.996779007762194
G02,14463,14455,2749,2741,1456.42034228201,7.03977961017828,0.888974149261925,0.966506577951596,0.997338123427093
G03,26786,26750,3673,3637,1447.3036352364,7.03135593069933,0.856566943750816,0.966183023364325,0.996084423756739
G04,28514,28496,3989,3971,1509.14423607579,7.17929616324582,0.865883486909463,0.980872226529598,0.997123314446171
G05,29131,29105,3876,3850,1513.06056131155,7.18782475486223,0.869927195477938,0.981689838254228,0.99718320728894
G06,17000,16986,3039,3025,1491.19399166518,7.09966889462258,0.885324559893181,0.971581487152881,0.997150823529412
G07,26123,26105,3643,3625,1484.27482904382,7.12672339265508,0.869052962469209,0.975904986920607,0.99706582598831
G08,25582,25561,3619,3598,1498.67549798569,7.13224512936294,0.870427876368391,0.975371503472044,0.996917321781221
G09,25567,25552,3142,3127,1338.58478810206,6.90947741097777,0.858041464349348,0.959733856184175,0.99650807624562
G10,24610,24600,3065,3055,1328.15780112093,6.86884864082038,0.855632452684708,0.955127949975362,0.996264003707739
G11,27146,27136,3105,3095,1276.69409394144,6.80490555289332,0.846300342375219,0.951465002385481,0.99596662157883
G12,22169,22166,2096,2093,1151.36491341282,6.71085771553373,0.877490253474633,0.952069811403476,0.996610675250702
H01,25102,25067,3548,3513,1485.4393469874,7.14066804790564,0.873568182275415,0.977709512283334,0.997268507250358
H02,18973,18958,3156,3141,1474.59903183385,7.09516357699368,0.8806143899195,0.972454232821891,0.997397603430101
H03,26900,26877,3463,3440,1409.05569410087,7.02145876770908,0.861540253756122,0.968386906103664,0.996902743190393
H04,28076,28055,3709,3688,1441.65359792606,7.09181815179654,0.862907219572169,0.975015224733852,0.997245625671439
H05,23438,23429,3149,3140,1384.30164870467,7.00129720353775,0.869203734817316,0.967972427710132,0.997088629165592
H06,21657,21632,3211,3186,1430.21002327004,7.04396737594787,0.87238949407629,0.969498744739153,0.997154127918493
H07,25087,25068,3468,3449,1458.66036962279,7.07284819086911,0.867692179631914,0.970841789176942,0.996778615051502
H08,20404,20378,3334,3308,1512.38172626409,7.17282805251997,0.884232206762507,0.979701682082454,0.99750937262168
H09,27145,27120,3577,3552,1449.94303205482,7.10331437209182,0.868133894030747,0.975826567287163,0.997119831651181
H10,20133,20119,3139,3125,1455.01090586335,7.08791802657204,0.880305231056253,0.973244976307894,0.997264303246176
H12,23706,23685,3404,3383,1448.45226402699,7.09845145355703,0.872827694267958,0.975296343711515,0.997264380901483
H13,26373,26357,2979,2963,1293.94962239912,6.82003799310835,0.852574771881117,0.951794188707102,0.99576548347136
H14,20324,20316,2692,2684,1302.61786318632,6.81996875103336,0.863501453279365,0.950898485299771,0.996009015298358
H15,24171,24163,2796,2788,1254.21278436346,6.74998606313359,0.85055856299725,0.946136369364558,0.995480437030203
H16,20735,20727,2667,2659,1281.79983437926,6.78840852018627,0.860522053623234,0.948628994258021,0.996084867378948
H17,25991,25986,2849,2844,1239.26886845374,6.74951300250928,0.848491232025394,0.947662262057969,0.99593532405458
H18,24718,24706,2837,2825,1242.81062773717,6.74511602600987,0.848388649813933,0.946665581674783,0.995723067799568
H19,22437,22437,1883,1883,1059.27790157923,6.46464454769332,0.857309244751945,0.928115786723762,0.994752921199519
H20,21610,21606,2598,2594,1202.33925558114,6.67138610400125,0.848507279131514,0.940688554494645,0.995657189918202
H21,25910,25903,2745,2738,1209.23892003238,6.68951980999566,0.844899159403757,0.942485034944221,0.995581585218912
H22,24397,24393,2579,2575,1162.33473913656,6.58549797212903,0.838366179975563,0.933029818494072,0.99524724408645
H23,26117,26107,2640,2630,1181.59495866262,6.62524543177593,0.840923611783216,0.936480686823925,0.995437889542534
H24,23885,23880,2556,2551,1161.52230126973,6.58590683071558,0.839375471560499,0.933180190306051,0.995308464881419
I01,26325,26323,2155,2153,972.274500350336,6.23265653648504,0.812014745846649,0.905957025694587,0.993265493335642
I02,17894,17892,1747,1745,905.990108581878,6.06388414885748,0.812237358537866,0.890565261744851,0.992038626083743
I03,19387,19387,1521,1521,860.795426042369,6.01575698520492,0.821025762124167,0.890187095669996,0.991549298262866
I04,20322,20311,2032,2021,1020.65125063996,6.36633654948895,0.835830896088418,0.918902464771385,0.994326410241427
I05,25756,25749,2346,2339,1083.41473696952,6.5791001883819,0.847771166814524,0.941502524456507,0.996254910159425
I06,19265,19263,2090,2088,1079.85011954785,6.5490542060657,0.856654453834653,0.937645000830468,0.996167941645237
I07,23709,23688,2901,2880,1290.9749600857,6.85965166579298,0.860380592432297,0.957630204278688,0.996669469056372
I08,22800,22797,2769,2766,1260.99033426231,6.80093672042291,0.858027944334219,0.952558483445414,0.996360718682672
I09,26872,26862,3173,3163,1387.37005121629,7.07906825881453,0.878031289290838,0.978425243700814,0.997723412242848
I10,21044,21030,2893,2879,1357.78308898698,7.04153394785783,0.883499421196982,0.976145833584339,0.997805319768636
I11,27853,27851,2107,2105,1145.78900369901,6.76611854885295,0.88411087165644,0.960571240908897,0.997396715582974
I12,20893,20874,2876,2857,1354.28981095377,7.01897346288366,0.881320470201098,0.973365948768135,0.997701798628444
I13,24575,24570,2823,2818,1252.19914900154,6.80436326839698,0.856373519741797,0.953973203316609,0.996668946867863
I14,21468,21457,2730,2719,1282.63841638884,6.87228250678111,0.868583555945942,0.960261991582921,0.997042213335475
I15,25740,25729,3109,3098,1360.91796945228,7.03073174262932,0.874245514348233,0.97433686609252,0.997659700223803
I16,21789,21777,2863,2851,1344.49449904433,7.00760980236337,0.880394432370456,0.972769329152522,0.997764319160818
I17,23060,23049,2838,2827,1344.15884321528,7.01233837446575,0.881960304891873,0.973459471435765,0.997755728297311
I18,19570,19564,2847,2841,1373.44045095757,7.0315379008988,0.884023039886744,0.973213250962359,0.99777130638832
I19,19164,19161,1455,1452,856.627122707371,6.10025292378072,0.837629131772667,0.903339324680679,0.993992292565188
I20,16915,16913,1820,1818,979.215683434284,6.2655912645757,0.834678566271599,0.909803537268581,0.994649818793678
I21,20221,20216,1837,1832,933.849827476077,6.1655927429168,0.820341103096564,0.901492644372524,0.992033406947391
I22,21220,21216,1896,1892,941.039913162315,6.24610528968212,0.827572560057056,0.912241633939507,0.994520978110917
I23,22522,22510,2142,2130,1044.83387471975,6.46801586848185,0.843343095835677,0.930433800157783,0.995513567879964
I24,22118,22109,2053,2044,1009.08916713591,6.37998927764863,0.836494198065481,0.922389855478182,0.994989786754913
J01,26304,26300,1798,1794,847.137116665495,5.99407274567316,0.799803664013157,0.889082606836115,0.992221776608962
J02,16341,16338,1532,1529,850.159071861541,5.98419966895019,0.815916409413081,0.887149589766417,0.992338717860375
J03,14645,14645,1096,1096,762.799936403933,5.99890468738383,0.857057095100541,0.903858443921587,0.993129791546631
J04,31607,31604,1983,1980,859.351482873581,6.06897591453527,0.799352377348862,0.898285376876369,0.992499390759752
J05,27319,27315,2108,2104,1015.37845901955,6.49488927567751,0.84861744240253,0.938158835717984,0.996041370622417
J06,19919,19914,1955,1950,1023.73434564694,6.47640807770065,0.854616489122758,0.934383157866309,0.995955468132306
J07,20939,20929,2484,2474,1211.29192075036,6.73711684581225,0.8617855760535,0.948964173961326,0.99617543468223
J08,25877,25867,2807,2797,1246.31189734601,6.85033368539557,0.862776383662172,0.961053243118356,0.99698491140327
J09,22661,22652,2760,2751,1296.03986546854,6.95178743698414,0.877420138469483,0.969962447584073,0.997500325794906
J10,19577,19562,2512,2497,1259.18250679695,6.89955072983242,0.881299854469913,0.966564868723211,0.997569875273539
J11,21916,21907,2793,2784,1347.01772253216,7.04389398104619,0.887713672805634,0.977551728195208,0.997979900758312
J12,19878,19863,2784,2769,1360.80525472695,7.02629946463628,0.885856632701977,0.973733806372528,0.997692600585475
J13,25653,25651,2739,2737,1237.84791018865,6.80492952389202,0.859713227816933,0.955596922315507,0.996588552682793
J14,21851,21842,2513,2504,1191.2050808788,6.70321667978295,0.856178003097871,0.94641832136342,0.996076675173915
J15,22734,22729,2534,2529,1223.38869022595,6.8128984101261,0.869263305417151,0.95829713755994,0.997035253565648
J16,27853,27846,2858,2851,1248.22290414767,6.891737849157,0.866027150042038,0.966654170912588,0.997416156420832
J17,22875,22863,2923,2911,1360.31611315513,7.02882937837509,0.88076531643498,0.974132946610218,0.997773763564155
J18,22369,22356,2873,2860,1332.8025988188,6.99590434770327,0.878538980223771,0.972323309508611,0.997769170455508
J19,24322,24318,1143,1139,507.703664266384,4.54754004241942,0.645827890705743,0.729954180103531,0.950980107697806
J20,22716,22715,1039,1038,477.902738339002,4.32322797013762,0.622404155200018,0.70075256910494,0.932958071027847
J21,26565,26560,1395,1390,674.980614003724,5.34662589925835,0.738417976980742,0.820703801365857,0.978383418233172
J22,22772,22764,1413,1405,693.93436720717,5.46070649303135,0.75284053079849,0.834666998291241,0.983528578413575
J23,24613,24607,1577,1571,764.91313873256,5.76288888180213,0.782652459918206,0.867936024810587,0.989117207801378
J24,26513,26506,2359,2352,1068.81825843633,6.45415787776933,0.831079529916553,0.925418988962847,0.994658685750374
K01,27441,27423,3589,3571,1429.38318395373,7.05862953317267,0.862319759060451,0.97159410795591,0.996884729642242
K02,20116,20100,3028,3012,1395.20099842389,6.99189663318692,0.872279851435876,0.965625711278428,0.997001454004634
K03,26920,26901,3334,3315,1359.93416138472,6.95244123168525,0.857063965240309,0.963583734029311,0.996747969880489
K04,21621,21606,3029,3014,1357.22072012056,6.93975257249561,0.865738912794865,0.962091451338385,0.996652690234018
K05,25967,25952,3132,3117,1336.47746590922,6.95223201492921,0.863692777834138,0.965883893705472,0.997032292375073
K06,22487,22471,3080,3064,1350.46206697916,6.9468744414822,0.864825964014352,0.963745794006042,0.99693150903973
K07,20074,20061,3153,3140,1490.67035010653,7.14147753913519,0.886467270300101,0.977349926930908,0.997489100033969
K08,25733,25718,3577,3562,1508.90605177987,7.20117819304359,0.880094352982329,0.983883078886863,0.997585805365708
K09,24227,24210,3458,3441,1494.8497444416,7.178178456262,0.880926099317225,0.981996379978452,0.997510511710494
K10,28796,28778,3726,3708,1489.27262191759,7.20741613901001,0.876485075066083,0.986500631588627,0.997714787716596
K11,10477,10471,2150,2144,1379.03353672641,6.97783215659107,0.90937433285154,0.965237067869857,0.997708857962905
K12,18152,18143,3057,3048,1510.78945574713,7.2008558358747,0.897281739663443,0.983671387086233,0.997923180066433
L01,32468,32450,3008,2990,1213.42256550076,6.7193204524054,0.838967999577205,0.946223208973986,0.995791161112393
L02,19734,19731,1961,1958,1012.07743781019,6.33397803665874,0.835483805602123,0.915346442822964,0.994341237906746
L03,30891,30884,2784,2777,1156.27657269201,6.6162315771338,0.834156394215065,0.938078668179602,0.995014839242765
L04,21273,21266,2657,2650,1257.93955628792,6.79106963829123,0.861269519933302,0.951499288729713,0.99654791803189
L05,31020,31015,2792,2787,1177.57077436382,6.69158065185223,0.843351099259225,0.946313525505609,0.996223970641848
L06,22239,22231,2524,2516,1165.77720616466,6.58529852476619,0.840647765618105,0.932610806757837,0.994954507444815
L07,8445,8441,1551,1547,1128.82733478449,6.52153842568241,0.887688108510953,0.927813215220972,0.995755505007325
L08,37619,37605,3023,3009,1176.48341002952,6.68055503160686,0.833610040916964,0.944877742630788,0.996024700333329
L09,20182,20171,2682,2671,1304.83899699075,6.82221657066138,0.864193273629195,0.950985996951391,0.996344001918288
L10,20640,20632,2633,2625,1244.23704614628,6.73753060207098,0.855463938136637,0.945448772110183,0.995912373805661
L11,29562,29559,2753,2750,1194.22122380527,6.71936906101281,0.848357356703317,0.948360252883667,0.996233894731377
L12,21456,21439,2803,2786,1280.11570799897,6.78809744478954,0.855091516473718,0.948759834752391,0.996047553538629
L13,26956,26952,2720,2716,1229.77125257144,6.7900899158437,0.858593513326839,0.954390366822678,0.996588982202254
L14,21769,21763,2441,2435,1152.57966034329,6.59063403602289,0.844935416932362,0.934873812251283,0.995317537841918
L15,8892,8889,1295,1292,917.618173895516,5.91186704144531,0.824957804075926,0.866616316102683,0.986288225234528
L16,29290,29272,3096,3078,1269.36018300123,6.79695432333725,0.845616750125328,0.951119392168392,0.996059470982829
R01,15693,15679,2213,2199,1162.84114575019,6.47186162621005,0.840271871228267,0.916873298491078,0.994158738191717
R02,15504,15474,2411,2381,1238.26184543544,6.6274370994933,0.851002819303259,0.930628471544213,0.994888540698176
R04,17600,17578,2673,2651,1304.39737551172,6.75183203090844,0.855641752171737,0.941219124456072,0.995774987086777
R05,17020,16994,2864,2838,1429.51734955572,6.977120065518,0.876525426168727,0.960362225683442,0.996721117479816
R06,16381,16356,2765,2740,1383.61553833561,6.89652942238242,0.870246943550543,0.953552995392555,0.996211419259966
R07,6341,6327,1601,1587,1279.04178794046,6.73307443066559,0.912540563430654,0.941179774000819,0.99707833816621
R08,20104,20061,3270,3227,1471.44697391382,7.05716060053642,0.87205698212468,0.967529355448557,0.996829192140385
R09,15635,15605,2944,2914,1486.58043825468,7.02471536956674,0.879460887699181,0.961732004566584,0.996550771625124
R10,13960,13939,2778,2757,1477.37973683519,7.03878449436887,0.887672168137675,0.964477945363064,0.996991670840141
R11,19178,19148,3370,3340,1548.82519495954,7.16193693694351,0.881722226780469,0.9750430553972,0.997188564072438
R12,17214,17168,3214,3168,1508.13134228182,7.12764380978489,0.882650666162792,0.973904553225341,0.997359903960625
R13,20016,19981,3370,3335,1529.675451881,7.13755405153585,0.878720394705395,0.973372173251724,0.99701863708873
R14,19250,19217,3465,3432,1577.42811947635,7.23025426199499,0.887096831788439,0.981897760362104,0.997518361949739
R15,8152,8143,1899,1890,1342.88918964888,6.77029537044349,0.896836825055133,0.939982146381272,0.996020711968188
R16,16524,16497,2965,2938,1478.88997723672,7.0446328069103,0.8811703318534,0.965144181065559,0.996843517913485
R17,17749,17724,2707,2682,1327.10263117703,6.77680741624748,0.85743339714258,0.942433576229726,0.994976033816225
R18,18125,18096,2825,2796,1347.22960151211,6.81060013070688,0.857082074820017,0.945154573100267,0.995504387348395
R20,20181,20163,2921,2903,1338.63927607292,6.85517653364877,0.859078987477546,0.952186022216394,0.995631097460014
R21,20769,20755,3234,3220,1515.5089143231,7.21766869943467,0.893112787404249,0.985548196344113,0.997983720283196
R22,24564,24540,3781,3757,1585.22216219486,7.31597429545214,0.888104130162021,0.992874304118882,0.998100326790912
R23,8738,8730,2080,2072,1431.94223542017,7.03716640995475,0.921080230107352,0.968401358386341,0.998159382666565
R24,16037,16022,3029,3014,1544.05995774879,7.23933519992729,0.90311205188816,0.985993874459064,0.998250876394139
R25,15871,15847,2849,2825,1438.1400704833,7.00135759956629,0.880150987678342,0.962901332664813,0.99692382714471
R26,15804,15783,2942,2921,1470.23504675065,7.04576026974072,0.882170664002275,0.966075514976779,0.997074226344346
R27,17876,17852,2986,2962,1412.76020960604,6.91255214750229,0.86388652477441,0.953021592035346,0.996028131639151
R28,15239,15212,2845,2818,1435.2833749393,6.97773833545558,0.87733673309748,0.959915458271224,0.996801101452745
R29,18456,18434,3014,2992,1438.72741802323,7.01747208649278,0.875976982507001,0.965063373510473,0.997076693987824
R30,21485,21461,3411,3387,1478.64577436393,7.08455429380351,0.870898909420311,0.970635552295767,0.997038792184382
R31,7353,7345,1856,1848,1383.28652057892,6.91410602518316,0.918674151224654,0.956014671989059,0.997647253964087
R32,14696,14681,2812,2797,1512.91197627275,7.16732648320811,0.902498265781098,0.978903380422517,0.997898416805228
R33,17155,17143,2991,2979,1487.45259381707,7.14247969504777,0.89243479806231,0.977776240041102,0.997794821012761
R34,18173,18127,3432,3386,1577.24555610556,7.27342529443268,0.893442576347967,0.987776087135151,0.998073702569606
R35,19717,19695,3318,3296,1518.29153294218,7.20332564982919,0.888518721459016,0.983343391039851,0.997903743148901
R36,17202,17188,3060,3046,1482.21502881013,7.13094574047173,0.888461815195701,0.976668906300137,0.997658461016929
R37,18172,18150,2777,2755,1352.99491548788,6.80397039751921,0.858098355274218,0.943675284421319,0.995257451130148
R38,19616,19594,2795,2773,1290.69872356554,6.67763389798832,0.841479473859076,0.932247768811742,0.993592920035314
R39,7742,7735,1546,1539,1128.09343223378,6.31871316523527,0.860458451962814,0.899040638187548,0.991882454841594
R40,15413,15394,2397,2378,1260.37765481659,6.62542617431972,0.851381259576033,0.928039149425769,0.99412662208264
R41,17165,17153,2488,2476,1258.35663536148,6.64347948975878,0.849632982482062,0.930777146482605,0.994302997525177
R42,18627,18597,2642,2612,1248.32702101025,6.64021626623019,0.842742812447286,0.931364163387392,0.994644035251162
R43,23064,23051,3011,2998,1330.50781781081,6.86585879120867,0.857157951929045,0.954477576604071,0.996303962708422
R44,22635,22620,2936,2921,1291.28914207808,6.79633933627709,0.851159258976212,0.948759362187743,0.996107689332673
R45,25264,25246,3045,3027,1308.45645484505,6.82901441802765,0.851364707055779,0.951566360398661,0.996075282884807
R46,24033,24030,2740,2737,1247.08854761832,6.76283152796498,0.854355300352831,0.948694397318767,0.996167163865271
R47,9295,9291,1643,1639,1140.02150536034,6.53493174089257,0.882588518978585,0.928415284925305,0.995888434815898
R48,22204,22193,2579,2568,1232.33065995754,6.72799020362165,0.856506139671586,0.945385593705737,0.996078119853632
R49,17247,17223,2801,2777,1366.03417919404,6.84132892159453,0.86187453989277,0.94759617910514,0.995704359386204
R50,15831,15815,2690,2674,1365.60743320247,6.85976089373178,0.868621422221589,0.950190323082167,0.99632072884874
R51,25211,25192,3449,3430,1384.35632298389,6.88841065761686,0.845635439062293,0.952359967667446,0.995690008473185
R52,20767,20752,3246,3231,1426.93742442533,7.01647366862735,0.867819239036404,0.966019222605009,0.997023474638081
R53,17642,17630,2792,2780,1380.55385972484,6.92089009572782,0.872251351923664,0.957214428899281,0.996649179249244
R54,23521,23492,3385,3356,1417.50056293712,6.98190945224669,0.85908891993668,0.962139421895049,0.996502602939341
R55,10360,10351,2259,2250,1457.86850928501,7.074134461615,0.91602095860276,0.97109072809635,0.998094915102637
R56,16929,16918,3099,3088,1557.27151956308,7.24885945865807,0.901730123465422,0.986146732237306,0.99815596817627
R57,14974,14962,2122,2110,1162.2578362443,6.51390451065612,0.850366487919281,0.922895146668223,0.994853739536491
R59,22479,22474,2793,2788,1240.9340451766,6.6402467999082,0.836843639461886,0.932145052377457,0.99448073427731
R60,21140,21120,2845,2825,1289.97743863313,6.7755028309777,0.851908918484057,0.945984829571507,0.995632871454797
R61,18511,18494,2372,2355,1192.56491705346,6.60416699206286,0.849794318169086,0.932283450738339,0.995081850349172
R62,27832,27815,2903,2886,1164.94575804557,6.53216032261279,0.819233755826804,0.92517884926933,0.993942265055037
R63,8106,8101,1515,1510,1108.86347341956,6.43716987799785,0.879014039946561,0.918140984843965,0.995386779014719
R64,18657,18654,2261,2258,1163.59792680972,6.56442132370281,0.849921438101181,0.929900588749866,0.994934978976849
R65,16662,16652,2430,2420,1270.82551057061,6.71019645778065,0.860762019738223,0.938827521271013,0.995779905878147
R66,24065,24041,2946,2922,1256.3178456433,6.71380416419582,0.840464828249775,0.94084364633902,0.99527085056751
R67,26179,26172,2543,2536,1117.58676909492,6.48935634459603,0.827607929848432,0.924551056461468,0.994005245930173
R68,24903,24883,2992,2972,1249.32613426103,6.6856449926348,0.835319566618106,0.937630831383973,0.994977122083783
R69,27471,27470,2384,2383,1118.6867183098,6.55869677717568,0.843395773748124,0.934299174780931,0.995451196673372
R70,26062,26043,2867,2848,1189.3292793368,6.55288130559809,0.823120667828895,0.925398575232166,0.993893445275191
R71,6582,6579,1123,1120,891.613481391867,5.81857919037748,0.82841384903337,0.856551032304814,0.986504311224751
R72,14221,14219,2160,2158,1226.39385081477,6.68114589560545,0.870182948031739,0.939440732236042,0.996126111364645
